{"nwrmsle": 0.785758612347603, "r2_score": -0.17060744436477138}